created_at,text,retweet_count,favourite_count
2021-08-26 19:36:08,"""If you like nice round numbers, then you should know that #SP500 touched 4,500 and @Nasdaq 15,000 this week.‚Ä¶ https://t.co/IOaPJQ4wkQ",0,0
2021-08-26 19:32:56,"#PrivateTrader The S&amp;P 500 declined during the day in a pattern consistent with my alternative analysis, which has‚Ä¶ https://t.co/s7RcQADJ2X",0,0
2021-08-26 19:31:54,Long $sp500 4470 tight stop 4467,0,0
2021-08-26 19:30:56,"Almost overextended down on SELL PRESSURE. Very close to a bounce. Unless this shits the bed tonight, we will be lo‚Ä¶ https://t.co/fNq8OQYncz",0,2
2021-08-26 19:28:49,"Jerome Powell's time to shine tomorrow at Jacksonhole. Market I think won't care either way, but may setup a nice s‚Ä¶ https://t.co/SOE9oUwEGi",0,0
2021-08-26 19:28:41,@JCraig1776 @rschmied Most big money is on the side line and been getting out for a while. PLTR a huge data company‚Ä¶ https://t.co/3fNj8JfIrr,0,0
2021-08-26 19:28:03,"#LEGO #Ninjago #LEGONinjago set 70749 - Enter the Serpent, 2015 Release #Ninja #Ninjas #AFOL #LEGObricks‚Ä¶ https://t.co/ecFjxJqosM",0,0
2021-08-26 19:20:50,SP500 PEAK MODEL ‚Äì YOU SEE THE SLIGHT TIGHTENING OF THE GREEN WAVE WOULD HAVE PRODUCED A PEAK AROUND THE 8/23-8/24‚Ä¶ https://t.co/fQHapd9aAO,0,0
2021-08-26 19:20:02,"üëÄPssstt....check out what's happening with S&amp;P 500 and Nasdaq today!

üòªThe S&amp;P500 and the Nasdaq Composite finished‚Ä¶ https://t.co/y0sWLJ2VhG",0,0
2021-08-26 19:14:58,#Inflation #Gold #SP500 update now available here: https://t.co/BVCzBkNqNA #SPX #GLD #SPY #ES_F https://t.co/EEX8kcMJQ1,0,0
2021-08-26 19:00:28,"Medicine Stocks Based on Machine Learning: Returns up to 86.12% in 3 Months
https://t.co/cc873a2OD2
#sp500‚Ä¶ https://t.co/XpOpfVL2Sj",0,0
2021-08-26 19:00:26,"Current S&amp;P 500 #SP500 Price: $4,475.19 üìâ",0,0
2021-08-26 18:33:01,"Headed into the pandemic, the #SP500 and #corporatebonds rose in lockstep. But then, right before the March 2020‚Ä¶ https://t.co/cVFaKgi250",0,4
2021-08-26 18:31:27,"#DAX-27th. Resistance now at 15834/(818)/805 below this, next support 15793/756 and 15737. If (15716)/701 fail next‚Ä¶ https://t.co/hbwEjlfJwi",0,0
2021-08-26 18:29:01,"S&amp;P 500 E-mini #Futures #ES_F üîª20.75 Points (0.46%) to 4,472.75 #SP500 $SPX $SPY #futurestrading #future‚Ä¶ https://t.co/k4ZVhnEUIU",0,0
2021-08-26 18:28:27,"S&amp;P 500 E-mini #Futures #ES_F üîª20.75 Points (0.46%) to 4,472.75 #SP500 $SPX $SPY #futurestrading #future‚Ä¶ https://t.co/tmj9z43pXk",0,0
2021-08-26 18:26:59,"08262021 RTH  inside + Neutral Bearish conditions @ open.
Further lows @ 63's a possibility
Caution: Chances of Gap‚Ä¶ https://t.co/pJJlJF9m0g",0,2
2021-08-26 18:25:26,"S&amp;P 500 E-mini #Futures #ES_U üîª21.25 Points (0.47%) to 4,472.25 #SP500 $SPX $SPY #futurestrading #future‚Ä¶ https://t.co/WBu6dkMjU0",0,0
2021-08-26 18:20:27,"Closed Sell Limit SP500 4428.0 for 0.0 pips, total for today 0.0 pips",0,0
2021-08-26 18:19:20,"S&amp;P 500 E-mini #Futures #ES_F üîª21.5 Points (0.48%) to 4,472 #SP500 $SPX $SPY #futurestrading #future #Investment‚Ä¶ https://t.co/mpzlzzym7w",0,0
2021-08-26 18:18:31,"S&amp;P 500 E-mini #Futures #ES_F üîª21.5 Points (0.48%) to 4,472 #SP500 $SPX $SPY #futurestrading #future #Investment‚Ä¶ https://t.co/xBw3l5Ihc2",0,0
2021-08-26 18:17:42,"S&amp;P 500 E-mini #Futures #ES_F üîª21.5 Points (0.48%) to 4,472 #SP500 $SPX $SPY #futurestrading #future #Investment‚Ä¶ https://t.co/2HkgjkUvQm",0,0
2021-08-26 18:15:04,#LEGO #Ninjago #LEGONinjago set 70751 - Temple of Airjitzu Building Instructions #Ninja #Ninjas‚Ä¶ https://t.co/RUJxbBbDV9,0,0
2021-08-26 18:11:28,#DJIA (#SP500 #NASDAQ) position (https://t.co/UokBHsdq54) https://t.co/th6Vs8MdOS,0,0
2021-08-26 18:09:15,Any #DJIA #SP500 #NASDAQ funds that beat this as of today ? (https://t.co/UokBHsdq54) https://t.co/Ec9Cl7jqmm,0,0
2021-08-26 18:06:50,"#DAX-26th. After yesterday‚Äôs high at 15935 we have been in a corrective downtrend. However, the recovery from the l‚Ä¶ https://t.co/MgY4G96NPQ",0,0
2021-08-26 18:05:39,Performance chart vs #DJIA #SP500 #NASDAQ (https://t.co/UokBHsdq54 08/26/2021) https://t.co/UEQRghND0S,0,0
2021-08-26 18:00:38,"Insider longs are heading for the exits, before Friday.
I'm sure it's just a coincidence.

#Indices #ES_F #SP500‚Ä¶ https://t.co/RJHgGKV6A5",0,1
2021-08-26 18:00:23,"Current S&amp;P 500 #SP500 Price: $4,482.87 üìâ",0,0
2021-08-26 18:00:01,"Priced in #Bitcoin 
Aug. 25, 2021

üü° Gold: 0.037 BTC per ounce
üîµ SP500: 0.092 BTC
‚ö´Ô∏è Crude Oil: 140k sats per barrel https://t.co/9HY6SqegKn",3,18
2021-08-26 17:57:10,Compare with #djia #SP500 #NASDAQ historical performance update: https://t.co/UokBHsdq54 https://t.co/XZA7bR1z0L,0,0
2021-08-26 17:51:37,@DeItaone Still won‚Äôt make them out perform the sp500,0,3
2021-08-26 17:49:40,"#US: Market Update

‚ú¶ Indices fell sharply after a positive opening
‚ú¶ Bomb blast in Afghanistan dampened risk-appet‚Ä¶ https://t.co/wiAtlRpZrq",0,0
2021-08-26 17:49:04,The new AlphaChart  #artificialintelligence #ai #spx #sp500 a.i. for investors and traders https://t.co/b8THCLgccu,0,0
2021-08-26 17:45:40,"@DanPriceSeattle Is that chart how you imagine it should look through massive lockdowns, riots, and nonstop crisis.‚Ä¶ https://t.co/dag1PzA9Kv",0,0
2021-08-26 17:44:54,"In the #EUA, the #SP500 had a more modest increase of 0.22%, which did not prevent the world's largest stock index‚Ä¶ https://t.co/XHgBpaLnzq",0,0
2021-08-26 17:42:45,$QQQ $NQ technically speaking $QQQ like the $SPY and #SP500 are also on a ST sell signal that triggered on the open‚Ä¶ https://t.co/9OGtqtfjcS,0,1
2021-08-26 17:42:38,@DanPriceSeattle Well i mean anybody who was invested into the stock market made money last year. It was a money pr‚Ä¶ https://t.co/tIGipNP5wy,0,0
2021-08-26 17:29:03,"#LEGO #Ninjago #LEGONinjago set 70751 - Temple of Airjitzu, 2015 Release #Ninja #Ninjas #AFOL #LEGObricks‚Ä¶ https://t.co/CkeviXVesb",0,0
2021-08-26 17:19:10,See our page on #LEGO #Ninjago #LEGONinjago Theme!  #Ninja #Ninjas #AFOL #LEGObricks #CollectibleToys #Toys #SP500‚Ä¶ https://t.co/mniGqdJeJy,0,0
2021-08-26 17:13:40,"#SP500
Whole view or hole in view... https://t.co/4RHFo6OXUh",0,0
2021-08-26 17:08:06,#SP500 and #Nasdaq #fall from records on Thursday as investors #await #Fed #summit @CNBC https://t.co/RcF2Yz252j,0,0
2021-08-26 17:00:23,"Current S&amp;P 500 #SP500 Price: $4,483.26 üìà",0,0
2021-08-26 16:53:49,"On August 30, 2021, Jim R Hatfield will leave a role as #ExecutiveVP/#ChiefAdministrativeOfficer at @PCMLoan. #BoardExAlerts #SP500 $PNW",0,0
2021-08-26 16:22:31,@TOzgokmen Which day you find SP500 getting slow ? It started this week from 4350 and touched 4500 brother is this the weakness ?,0,0
2021-08-26 16:21:02,"$SPY $SPX #SP500 trying hard to negate this mornings sell signal. Needs to push thru, 4492-94 should do it. https://t.co/5C80Om9ejv",0,1
2021-08-26 16:20:06,"#LEGO #LEGOFriendss set 41134 - Heartlake Performance School, 2016 Release #LEGOFriendsAccessories #LEGOFriendsMini‚Ä¶ https://t.co/W3E1WYTK65",0,0
2021-08-26 16:15:41,"I just read the SP500 was at 4,500 wtf?! üò´üò≠",0,0
2021-08-26 16:04:19,@PeterMallouk Ive seen plenty of red days...not sure how SP500 didn't pull back,0,0
2021-08-26 16:02:37,"SP500 advancers/decliners and volume 

@InterestRateArb https://t.co/h7ryUlSboh",2,1
2021-08-26 16:00:35,"Consumer Staples Stocks Based on Pattern Recognition: Returns up to 382.69% in 1 Year
https://t.co/SfzMMsajIh
#CHDN‚Ä¶ https://t.co/HE3Kf54Xoj",0,0
2021-08-26 16:00:31,#ES_f 4465 must be JPow or Yellen pending order #SPX #SP500 https://t.co/Mb4u4XSE5U,0,0
2021-08-26 16:00:21,"Current S&amp;P 500 #SP500 Price: $4,482.14 üìà",0,0
2021-08-26 15:56:44,@BiBi_webdesign good morning‚ú®,0,0
2021-08-26 15:43:07,Just pure speculation today...#ixic #sp500 #nyse,0,0
2021-08-26 15:33:47,SP500 update 2021-08-26 11:33:47: 1 day(s) added with 505 line(s) retrieved and 505 row(s) uploaded,0,0
2021-08-26 15:31:48,SP500 update 2021-08-26 11:31:48: 8 day(s) uploaded with 3030 line(s) retrieved and 4040 row(s) uploaded,0,0
2021-08-26 15:19:54,"SP500 opening! Works on every asset, all the time, every time! Astro Timing Analysis! https://t.co/P1j80xi3bE",0,0
2021-08-26 15:18:08,"Nasdaq, S&amp;P 500, Dow Jones slump on Kabul explosions $SP500 https://t.co/meiEDJFkPB",0,0
2021-08-26 15:14:02,"$SP500 @ 4486.23 - Ascendis Pharma, Zomedica leads healthcare gainers; Aditxt, Quanterix among major losers https://t.co/NAPSQvDOVF",0,0
2021-08-26 15:11:57,"now, this vol actually is tradable and i obviously couldnt resist üòÇüìâüìàü§ë result for today (final this time, i swear üòâ‚Ä¶ https://t.co/6pLE4a1EoH",0,0
2021-08-26 15:07:03,Time to Get Selective https://t.co/V1zMCKDYb4 #Investment,1,0
2021-08-26 15:06:05,"#LEGO #LEGOFriends set 41130 - Amusement Park Roller Coaster, 2016 Release #LEGOFriendsAccessories #LEGOFriendsPets‚Ä¶ https://t.co/teTEdr6qVW",0,0
2021-08-26 15:05:24,"Big Breaking Now

FED has communicated Taper is Coming - Kaplan

#Nasdaq #SP500 #NIFTY https://t.co/C3bjiJKqJS",0,4
2021-08-26 15:02:34,$SP500 @ 4441.67 - On the hour https://t.co/R7gaci64ZT,0,0
2021-08-26 15:00:26,"Current S&amp;P 500 #SP500 Price: $4,475.75 üìâ",0,0
2021-08-26 15:00:18,Where do we stand on the #SP500 market-cap-weighted issue? Join me and my colleagues at CFRA‚Äôs webinar Weighty Issu‚Ä¶ https://t.co/aFUusDui89,0,0
2021-08-26 14:59:06,"$SP500 $DJI - Nasdaq, S&amp;P 500, Dow Jones slump on Kabul explosions https://t.co/X0Y1c8QqY1",0,1
2021-08-26 14:57:07,"SP500 NEXT BOTTOM DATE‚Ä¶ A FREEBIE TO THE PUBLIC EYE‚Ä¶ GOLD WAVE 1,2,3¬†SYSTEM. https://t.co/TeSILLcxT0",0,0
2021-08-26 14:54:35,$SPY #SP500 this market is well aware of what happens below 4775-70,0,0
2021-08-26 14:52:46,#DJIA #SP500 #NASDAQ Try this -&gt; https://t.co/UokBHsv0WC https://t.co/G4UFWPwdX5,0,0
2021-08-26 14:50:56,"Shorts finally set up for us. Trgts: $ES_F 58 and 47. 

$ES_F #daytrading #futures #sp500 #EminiVolumeTradingGroup‚Ä¶ https://t.co/Lbt63i6cpg",0,2
2021-08-26 14:48:03,"and, just like that, vol is back into the markets.. all it took was some blast in #Afghanistan and a #Fed speaker t‚Ä¶ https://t.co/brHY5KuaQT",0,0
2021-08-26 14:47:00,"$HCA. Buy Long at $255.29

$NASDAQ $NYSE $NYQ $NMS 

 #investsySignals #SP500  #NASDAQ100  #Signals #StocksToWatch‚Ä¶ https://t.co/TYoFpwvAkp",0,0
2021-08-26 14:45:30,@WClementeIII The answer is here and SP500 https://t.co/FMBQUxwScR,0,0
2021-08-26 14:42:58,#DJIA (#SP500 #NASDAQ) position (https://t.co/UokBHsv0WC) https://t.co/755Q81k8TO,0,0
2021-08-26 14:41:25,"#SP500 Daily update 
Look left - every time price failed to breach the yellow line , we got a pull back 

Added som‚Ä¶ https://t.co/lvMmZ5pQcd",0,2
2021-08-26 14:40:09,"#TBT: The #SP500 was launched in 1957. To be eligible for the #index today, a #US company needs market cap of at le‚Ä¶ https://t.co/dVPcITh3S1",0,0
2021-08-26 14:39:31,Market turns red on increasing taper talk with regional Fed president James Bullard and Esther George telling @CNBC‚Ä¶ https://t.co/iMRVHcTc8z,0,1
2021-08-26 14:38:15,#DJIA #SP500 #NASDAQ performance (https://t.co/UokBHsv0WC) https://t.co/lW3IgwDsuE,0,0
2021-08-26 14:36:11,$SPY #SP500 sell signal. Needs back above the purple to negate. Preferably within the hour. https://t.co/8ZIBAw3Xi3,0,0
2021-08-26 14:35:28,Performance chart vs #DJIA #SP500 #NASDAQ (https://t.co/UokBHsv0WC 08/26/2021) https://t.co/KzVGETFuJO,0,0
2021-08-26 14:34:10,"Lucid Group $LCID

Block of 50,192 shares at $21.86 worth $1,097,197

#Nasdaq #SP500",0,2
2021-08-26 14:33:03,#SP500 Futures ... ops! https://t.co/SHEUbNrQkf,0,1
2021-08-26 14:32:19,‚ÄúOne secret of success in life is for a man to be ready for his opportunity when it comes.‚Äù ‚Äì Benjamin Disraeli‚Ä¶ https://t.co/mBdwihs0fe,0,3
2021-08-26 14:31:57,#DJIA #SP500 #NASDAQ vs BTD ? recent performance update: https://t.co/UokBHsv0WC https://t.co/oaKiWf6Vm8,0,0
2021-08-26 14:29:48,$SPY $ES_F $NYSE #SP500 #stockmarket #markets #investing #equities #Futures #stocks SPY /ES_F officially overbought‚Ä¶ https://t.co/Bhqb7jGrTs,0,0
2021-08-26 14:28:57,"Macy's $M

Block of 123,850 shares at $22.90 worth $2,836,165

Checkout recent deals too in this counter.

#Nasdaq #SP500",0,0
2021-08-26 14:27:24,Compare with #djia #SP500 #NASDAQ historical performance numbers: https://t.co/UokBHsv0WC https://t.co/Fr4MowAMex,0,0
2021-08-26 14:27:09,"#LEGO #LEGOFriends set 41126 - Heartlake Riding Club, 2016 Release #LEGOFriendsAccessories #LEGOFriendsPets‚Ä¶ https://t.co/WK877XmkPq",0,0
2021-08-26 14:23:44,"Fuelcell Energy $FCEL

Block of 91,665 shares at $6.50 worth $595,822

#Nasdaq #SP500",1,1
2021-08-26 14:23:18,@point7five @hussmanjp Good work! so this data explains 92% of the data and regression to the mean over 12Y. It rem‚Ä¶ https://t.co/XLQHS9qjJA,0,0
2021-08-26 14:20:17,"$RIDE

Block of 294,850 shares at $6.90 worth $2,034,465

#Nasdaq #SP500",0,0
2021-08-26 14:19:08,"Russel2000 stagnated since March, Dow since May, SP500 is slowing, Hong Kong is down 43%, Asia slowing... all hopes‚Ä¶ https://t.co/2yN9amN4oT",3,24
2021-08-26 14:18:57,"Hot Stocks to buy for Swing Trading for this week ‚Äì Expert Stock Picks of the Week by StockXpo - $ARCH, $SGH, $SWBI‚Ä¶ https://t.co/tvgoIb4pGW",0,0
2021-08-26 14:18:48,"Vinco Ventures $BBIG

Block of 100,007 shares at $2.96 worth $296,020 

#Nasdaq #SP500",4,26
2021-08-26 14:17:19,"Clover Health $CLOV

Block of 43,029 shares at $8.72 worth $375,212 

#Nasdaq #SP500",1,7
2021-08-26 14:11:27,SP500 update 2021-08-26 09:10:39: 1 day(s) added with 505 line(s) retrieved and 1010 row(s) uploaded,0,0
2021-08-26 14:10:15,SP500 update 2021-08-26 09:09:26: 8 day(s) uploaded with 3030 line(s) retrieved and 4040 row(s) uploaded,0,0
2021-08-26 14:05:27,"Naked Brand $NAKD

Block of 592,780 shares at $0.75 worth $444,555

Checkout past deals too in this counter, all av‚Ä¶ https://t.co/wOoiISZkCf",0,4
2021-08-26 14:04:45,"and they say - there is no bubble.

what you mention is a definition of bubble and a hard crash landing coming soon‚Ä¶ https://t.co/bGv8wy4acg",0,0
2021-08-26 14:00:25,"Current S&amp;P 500 #SP500 Price: $4,491.01 üìâ",0,0
2021-08-26 14:00:02,"#Bitcoin Performance since the Halving
Aug. 25, 2021

Since the halving:
üü† BTC +461%
üîµ SP500 +53.9%
üü° GOLD +5.44% https://t.co/aZkG1rG8iv",5,36
2021-08-26 13:59:57,"giving up for today.. i wont survive another day as slow as yesterday. Result is +6T, which feels like twice today'‚Ä¶ https://t.co/DK31vgFidH",0,0
2021-08-26 13:58:17,"Glory Star $GSMG

Block of 132,008 shares at $2.20 worth $290,417

#Nasdaq #SP500",0,1
2021-08-26 13:55:47,"Select Quote $SLQT

Block of 106,153 shares at $7.90 worth $838,608

#Nasdaq #SP500",0,0
2021-08-26 13:50:58,"S&amp;P 500 E-mini #Futures #ES_U üîª 6.5 Points (0.14%) to 4,487. #SP500 $SPX $SPY #futurestrading #future #Investment‚Ä¶ https://t.co/wpeOtjO39d",0,0
2021-08-26 13:50:45,#PrivateTrader Two scenarios of equal likelihood: A slow beginning to an upward push? Or a continuing low-level cor‚Ä¶ https://t.co/CMkNq0ek3C,0,0
2021-08-26 13:47:00,"$AAP. Buy Long at $212.61

$NASDAQ $NYSE $NYQ $NMS 

 #investsySignals #SP500  #NASDAQ100  #Signals #StocksToWatch‚Ä¶ https://t.co/EHfNUMLoKi",0,0
2021-08-26 13:46:07,"Dow Jones, S&amp;P 500 and Nasdaq trade mixed, but rates climb again $SP500 https://t.co/wytmxnyWXm",0,0
2021-08-26 13:46:02,"$SP500 @ 4436.75 - Dow Jones, S&amp;P 500 and Nasdaq trade mixed, but rates climb again https://t.co/Nacx9RS3ez",0,0
2021-08-26 13:45:05,"S&amp;P 500 Index opens near Wednesday's closing level around 4,500 By @eren_fxstreet https://t.co/Nn5lsL30iU #Equities #DowJones #Nasdaq #SP500",2,1
2021-08-26 13:42:47,Complacency runs hot. #SP500 Trashing the US dollar as @DLineCap suggests the Fed is doing (and I agree) is inflati‚Ä¶ https://t.co/tKGFjTme2t,0,3
2021-08-26 13:41:11,"$SP500 $DJI $XLF - Dow Jones, S&amp;P 500 and Nasdaq trade mixed, but rates climb again https://t.co/g4tI4UhtG3",0,0
2021-08-26 13:38:44,that 90 seller got really pissed and dumped it nicely.. looks like he's got more to sell in that 88-90 area -‚Ä¶ https://t.co/N7Yku1rO8r,0,0
2021-08-26 13:35:57,#PoT | #ARIMA| Check this out! We have just calculated today's ARIMA for the SP500 index @ https://t.co/5YtX8lorpH #3115,0,0
2021-08-26 13:30:49,"S&amp;P 500 E-mini #Futures #ES_F üîª3.5 Points (0.08%) to 4,490 #SP500 $SPX $SPY #futurestrading #future #Investment‚Ä¶ https://t.co/M9O4d3CGU5",0,0
2021-08-26 13:30:05,"@TrueDeke @PeterMallouk @benwehrman @aroflip when SP500 pump will end, in a ""correction"",
i see negative beta $GME,‚Ä¶ https://t.co/Mf8n6RLc9n",0,2
2021-08-26 13:28:50,good morning scalpers! overnight session volume looks rather bullish so we have a bit of a bullish bias approaching‚Ä¶ https://t.co/CQDuHXABYc,0,0
2021-08-26 13:24:11,The #SP500 is now up 20% on the year...skeptics might argue prices have risen too far too fast. ‚ÄúWhat goes up must‚Ä¶ https://t.co/i4hWV5BC3B,0,0
2021-08-26 13:10:07,"#LEGO #LEGOFriends set 41122 - Adventure Camp Tree House, 2016 Release #LEGOFriendsAccessories #LEGOFriendsPets‚Ä¶ https://t.co/DvShGclqe4",0,0
2021-08-26 13:08:59,"üá∫üá∏ Return Dispersion

Return dispersion remains below the long-term average
üëâ https://t.co/7Lvn6R5dKu

h/t‚Ä¶ https://t.co/KwzQVQEdaJ",0,5
2021-08-26 13:07:24,@charlotsmoore @Gilesyb in general in the markets where actives outperform (which is a lot of them - it's surprisin‚Ä¶ https://t.co/x2olUOF4Jw,0,0
2021-08-26 13:07:08,"#ES_F lvls
Jackson Hole Meeting!!!

RES: 4493-94 (GAP), 4498, 4502-03(!), 4513, 4525
SUP: 4486, 4475, 4471, 4467(!)‚Ä¶ https://t.co/Mw394Lg51w",1,5
2021-08-26 13:05:59,"U.S PreMarket üá∫üá∏

Big GapUp

$BLUW up 188%
$GSMG up 52.9%
$ASND up 21.7%
$RIDE up 19.6%
$NRXP up 19.2%

Big GapDown‚Ä¶ https://t.co/mt8srnqxTX",1,7
2021-08-26 13:05:03,"SP500  Forecast
SP500  4 Hours

#SP500 #StockMarket 
#stockstowatch 
#UnitedStates 
#daytrading https://t.co/UcxENmM56T",0,0
2021-08-26 13:03:59,"#TTWTRADER #ES_F Free live trading session on Discord

with Doug and Walter based on #TradeFinder and @bookmap_pro‚Ä¶ https://t.co/tTgZ09Dhjx",0,3
2021-08-26 13:02:45,"panic over, CVD turned positive ü§ì#ES_f #SP500 #SPX https://t.co/ZEHR6WFn3A",0,0
2021-08-26 13:01:00,"Upcoming Economic Events for Today - Good Morning America
For more events and real-time market data go to‚Ä¶ https://t.co/V0BhO0DPDG",0,1
2021-08-26 13:00:03,"#Bitcoin Treasury Index
Aug. 26, 2021

An index of public companies with #BTC on their balance sheet.

Since the ha‚Ä¶ https://t.co/MAHFbU2p4Z",5,20
2021-08-26 12:53:25,"$SP500 $SPY $TBT - UBS boosts S&amp;P targets, eyeing 5000 in '22; BofA does a 10-year u-turn: At the Open https://t.co/JH6j5YY5FA",0,0
2021-08-26 12:51:34,"üá∫üá∏ Earnings Yield Gap 

The S&amp;P 500 earnings yield gap is expected to move towards its long-term average
üëâ‚Ä¶ https://t.co/yGXs9Fn7l0",4,9
2021-08-26 12:51:20,#SP500 #futures are #flat near record levels ahead of Fed summit @CNBC https://t.co/RcF2Yz252j,0,0
2021-08-26 12:50:27,"@zerohedge where Tumble,me i see sp500 giving up  3-4 pts a normal move as every day",0,2
2021-08-26 12:49:33,"Big Breaking Now

Economy Is Booming And Does Not Need Much More Stimulus.

Quick End To Taper Allows Optionality F‚Ä¶ https://t.co/IZUn8m1bfs",0,6
2021-08-26 12:46:00,"$BR. Sell Short at $170.19

$NASDAQ $NYSE $NYQ $NMS 

 #investsySignals #SP500  #NASDAQ100  #Signals #StocksToWatch‚Ä¶ https://t.co/RuFZ5tSwlq",0,0
2021-08-26 12:44:16,"#US: Pre-open: E-mini Futures'cont: Indices set for a mixed opening. Jobless claims &amp; GDP data will be watched

‚Ä¢‚Ä¶ https://t.co/RlWudZ0XZs",0,0
2021-08-26 12:36:17,"Big Breaking Now

U.S GDP Q2 Update üá∫üá∏

Q2 GDP Aug 6.6% Vs 6.5% (July 21); 6.4% (June 21 Q1); 6.7% Forecast

#Nasdaq #SP500",0,6
2021-08-26 12:34:14,"Crypto Highest Weekly Growth

#traders #BTC   #daytrading #daytrader #algorithmictrading #nasdaqtrading #nasdaq‚Ä¶ https://t.co/orqXNQLxUL",2,3
2021-08-26 12:33:30,"U.S Jobless Claims üá∫üá∏

Big Breaking Now 353,000 Americans filed new claims Vs 349,000 (Previous); 350,000 (Expected)

#SP500 #NASDAQ",0,2
2021-08-26 12:31:21,"$COTY Q2 Earnings Update üá∫üá∏

Revenue $1.06 Billion Vs $560.4 Million (YoY); $1.03 Billion (QoQ); $1.01 Billion (Est‚Ä¶ https://t.co/dS8tLwEPRr",0,0
2021-08-26 12:27:57,$ES_F $SPY $VXX #SP500 #stockmarket #markets #equitymarket #investing #equities #Futures #Trading Recap: Our last t‚Ä¶ https://t.co/qY0PI3rfL6,0,0
2021-08-26 12:26:52,"Dollar Tree $DLTR Q2 Earnings Update üá∫üá∏

Revenue $6.34 Billion Vs $6.28 Billion (YoY); $6.48 Billion (QoQ); $6.44 B‚Ä¶ https://t.co/4CtxGzxjqq",0,1
2021-08-26 12:26:01,"üá∫üá∏ Drawdown

Is the US stock market poised for a drawdown at some point in 2021?
üëâ https://t.co/AK5cWmgJ9r

h/t‚Ä¶ https://t.co/L8AMy26QZX",9,27
2021-08-26 12:24:20,"#Watch today‚Äôs Daily #technicalanalysis on Stock Index Futures covering #FTSE , #DAX , Emini #SP500 &amp; #CAC40‚Ä¶ https://t.co/UBbKTdK4vQ",0,1
2021-08-26 12:19:06,"#LEGO #LEGOFriends set 41101 - Heartlake Grand Hotel, 2016 Release #LEGOFriendsAccessories #LEGOFriendsPets‚Ä¶ https://t.co/jVlMV6JeKU",0,0
2021-08-26 12:18:54,"https://t.co/bXfvtV4Ny0

.

coming soon ...

.

#dolar #usdtry #dolartl #dollar #d√∂viz #kur #fx #forex #foreks‚Ä¶ https://t.co/CQ75dYmX5H",0,0
2021-08-26 12:18:49,$SPY $ES_F $NYSE #SP500 #stockmarket #markets #investing #equities #Futures #stocks SPY /ES_F officially overbought. https://t.co/pJMvvefQ6t,0,1
2021-08-26 12:15:19,"Reviewing the major #markets this morning:

The #SP500 is bullish and made a new high yesterday. I am long $SPXL wh‚Ä¶ https://t.co/9swYgiBMV4",0,1
2021-08-26 12:10:52,@NPurpleline @QE4_Countdown @StrongbowsPub @brianbloop2 @David_Vaporium @arthur_eckart @Davidmetroland‚Ä¶ https://t.co/ZnvGmiQs7c,0,0
2021-08-26 12:04:52,"üá∫üá∏ New S&amp;P 500 ATH

Can equity investors expect further gains for the rest of the year?
üëâ https://t.co/yIk7SZYp6p‚Ä¶ https://t.co/dhKy3FfgAq",1,13
2021-08-26 12:03:26,S&amp;Ps holding 'high &amp; tight' atop support. No giveback in gains made. Trading range expanded upwards and is well-def‚Ä¶ https://t.co/dCus3DHLKt,0,5
2021-08-26 11:49:56,@LMT978 Or the SP500 price chart which is going up lol,0,1
2021-08-26 11:46:00,"$FOX. Buy Long at $34.61

$NASDAQ $NYSE $NYQ $NMS 

 #investsySignals #SP500  #NASDAQ100  #Signals #StocksToWatch‚Ä¶ https://t.co/ibyU5YxMxe",0,0
2021-08-26 11:44:14,"üá∫üá∏ Buybacks

Stock buybacks remain elevated, which is good news for stocks
üëâ https://t.co/Rk5tctMmih

h/t @BofAML‚Ä¶ https://t.co/zG05sE5F8O",4,20
2021-08-26 11:43:44,"Our TechFund Watchlist for the week for Swing Trading ‚Äì Expert Stock Picks of the Week by StockXpo - $CAR, $ASIX,‚Ä¶ https://t.co/1CYu2MsLeo",0,0
2021-08-26 11:43:20,The mechanical system has not confirmed wave v complete as it grinds towards the system‚Äôs target (4507 SPX) where i‚Ä¶ https://t.co/47ZcpCB6qM,0,0
2021-08-26 11:43:07,"Our ValueGrowth Watchlist for the week for Swing Trading ‚Äì Expert Stock Picks of the Week by StockXpo - $GDEN,‚Ä¶ https://t.co/3EFezIxDH5",0,0
2021-08-26 11:42:42,"üá∫üá∏ S&amp;P 500 futures pull back slightly from record ahead of  Jackson Hole summit!

üìå S&amp;P 500 futures down 0.1% 

üìå N‚Ä¶ https://t.co/p2pSxw7TJo",0,0
2021-08-26 11:42:13,"Our SkyRocket Watchlist for the week for Swing Trading ‚Äì Expert Stock Picks of the Week by StockXpo - $REGN, $VRTV,‚Ä¶ https://t.co/2wVmhvv4Je",0,0
2021-08-26 11:41:28,"Bullet point for id6.2mm sp500-700carbon shaft use.
#archery#bow#compound#recurve#sports#outdoor#elongoutdoor#elong‚Ä¶ https://t.co/PFYbgsYmEV",0,0
2021-08-26 11:41:15,"Best Stocks to buy for Swing Trading for this week ‚Äì Expert Stock Picks of the Week by StockXpo - $REGN, $VRTV,‚Ä¶ https://t.co/lsKeACHK99",0,0
2021-08-26 11:32:46,#DAX-Next relevant key resistance is at 15774/15863 and 15923. Notice: A close above a key level can stop the decli‚Ä¶ https://t.co/vb77Vwkx6a,0,0
2021-08-26 11:30:22,"@CNBC @TradingNation it's not a good sign btw when someone from the fund does not know the cumulative return!

btw‚Ä¶ https://t.co/eUiH7HZxhg",0,0
2021-08-26 11:24:27,Bonds and SP500 totally out of sync. Which one mean reverts first? https://t.co/UT6xmVmO2K,1,1
2021-08-26 11:21:14,"US stock futures slip after the S&amp;P 500 logs a record high, as traders count down to Fed Chair Jerome Powell's spee‚Ä¶ https://t.co/6neAj2fL8P",0,0
2021-08-26 11:18:38,"üá∫üá∏ S&amp;P 500

Should investors worry about high leverage?
üëâ https://t.co/yIk7SZYp6p

h/t @SoberLook #markets‚Ä¶ https://t.co/bm9EPALNeE",11,34
2021-08-26 11:17:31,"$QQQ Daily 
The accuracy of the Blue lines &amp; the levels...
Follow them for support &amp; resistance 

$SPY $IWM $DIA‚Ä¶ https://t.co/MaKJipqi8P",0,2
2021-08-26 11:16:06,"#SP500 Daily 
the accuracy of the yellow line and the levels , just follow them for support &amp; resistance 
 
$SPY‚Ä¶ https://t.co/khnWDEum3k",0,0
2021-08-26 11:11:53,#DJIA (#SP500 #NASDAQ) recommended position today (https://t.co/UokBHsdq54) https://t.co/leJOVOOBLY,0,0
2021-08-26 11:10:07,"üá∫üá∏ S&amp;P 500

In recent history, margin debt tends to peak in advance of highs in the S&amp;P 500
üëâ‚Ä¶ https://t.co/qwOqlk4BIg",10,33
2021-08-26 11:07:47,#DJIA #SP500 #NASDAQ current performance (https://t.co/UokBHsdq54) https://t.co/DomvcfMFGe,0,0
2021-08-26 11:07:33,#SP500 Index extends the uptrend to tackle the 4540 mark ‚Äì SocGen,0,1
2021-08-26 11:05:05,"#LEGO #LEGOFriends set 41095 - Emma's House, 2015 Release #LEGOFriendsAccessories #LEGOFriendsPets #LEGOFriendsMini‚Ä¶ https://t.co/I4OPl7LOK3",0,1
2021-08-26 11:04:57,Performance chart vs #DJIA #SP500 #NASDAQ (https://t.co/UokBHsdq54 08/26/2021) https://t.co/Z7gp8o8bVT,0,0
2021-08-26 11:00:42,"#TBT: The #SP500 was launched in 1957. To be eligible for the #index today, a #US company needs market cap of at le‚Ä¶ https://t.co/EdSwglLLuY",0,0
2021-08-26 11:00:10,"@maggie_donaway @cvpayne @unusual_whales Statistics show that the sp500 grossly outperform them as well, by up to 2‚Ä¶ https://t.co/AneHN44bhg",0,1
2021-08-26 10:57:40,Compare with #djia #SP500 #NASDAQ historical results : https://t.co/UokBHsdq54 https://t.co/a3qwYVz3iM,0,0
2021-08-26 10:51:47,"üá∫üá∏ The Truck Tonnage Index Decreased by 1.2% in July

The S&amp;P 500 tends to increase in line with the physical size‚Ä¶ https://t.co/87fyo8Px00",15,30
2021-08-26 10:50:20,"BUSINESS: World stocks slip following record Wall Street charge
#PhatzNewsRoom
#Business
#WallStreet
#AsiaPacific‚Ä¶ https://t.co/N1n71jIe1I",0,1
2021-08-26 10:46:00,"$VRSK. Buy Long at $198.98

$NASDAQ $NYSE $NYQ $NMS 

 #investsySignals #SP500  #NASDAQ100  #Signals #StocksToWatch‚Ä¶ https://t.co/9ygfSYqap7",0,0
2021-08-26 10:44:14,Durable goods propels markets [Video] By @MarketTeaLeaves https://t.co/jWHieT2iXM #Intermarket #Correlation #Bonds #SP500 #DollarIndex,0,0
2021-08-26 10:38:24,$Gold is correcting into Friday¬¥s Fed meeting. #GOLD A test of previous support zone of 1776.17 - 1778.81 is possib‚Ä¶ https://t.co/U0OoSYDvuW,1,2
2021-08-26 10:30:20,"üá∫üá∏ VIX Seasonality

Historically, the August-October period tends to see increased risk of VIX spikes
üëâ‚Ä¶ https://t.co/ymMLV5idh4",12,33
2021-08-26 10:26:09,"#LEGO #LEGOFriends set 41058 - Heartlake Shopping Mall, 2014 Release #LEGOFriendsAccessories #LEGOFriendsPets‚Ä¶ https://t.co/AwPBwxMupr",0,0
2021-08-26 10:20:46,$SP500 Fed's Powell likely to give few hints on bond-buying taper timeline https://t.co/SrztbZuJnE,0,0
2021-08-26 10:16:30,"üá∫üá∏ Valuation

Should investors be more cautious about US stocks as the cyclically adjusted price-to-earnings (CAPE)‚Ä¶ https://t.co/W4gWWtFA15",3,19
2021-08-26 10:15:00,"üìåSubscriber Access

The #stockmarket bull and bear indicator, the short- &amp; long-term forecasts, the #valuation &amp; ER‚Ä¶ https://t.co/RMpgw6As4P",0,1
2021-08-26 10:08:16,#Crudeoil/#USOIL continues to rally and tested 68.12 overnight. Support at 67.00 above 68.00 next 69.00/69.05 then‚Ä¶ https://t.co/57UQZRhvpU,0,1
2021-08-26 10:07:15,"@sstrazza @allstarcharts Looks like something to do with Chinese equities, relative to the SP500 perhaps.",0,0
2021-08-26 09:59:21,"S&amp;P 500 indication a lower open
¬±5 pts -0.1% at 15:30
Result last 5 days +2.3%

R = 4498 (ATH)
S = 4347

---‚Ä¶ https://t.co/YFpL3wlgbU",0,0
2021-08-26 09:48:46,#SP500 Forecast: Grinding Higher Ahead Of Jackson Hole $SPX https://t.co/YtxHBr2beg,0,1
2021-08-26 09:22:55,"Our premium signal profit 

For more premium signals DM me: link in bio

#EURTRY #BTCUSD #WTI #xauusd #usoil‚Ä¶ https://t.co/OZccI0kCaw",1,0
2021-08-26 09:17:57,"Indices Slip on Market Countdown to Powell's Speech 
https://t.co/Uh8p49b0NT 

#BrokerXplorer #PivotPoints #USA‚Ä¶ https://t.co/h1A0z2ImBj",0,0
2021-08-26 09:07:25,@CryptoWhale USA criminals (Federal Reserve=Tether) Chinese criminals printing (dollars=usdt) to manipulate markets‚Ä¶ https://t.co/22Lm3tyE2j,0,1
2021-08-26 09:05:13,"#SP500 every day with new supreme ‚ö°Ô∏è

#market https://t.co/rZh9ufCiCb",0,0
2021-08-26 09:00:34,"This is why you can't take the $BTC scene seriously...
SP500 ex dividend and M3 as a measure of inflation ü§£ https://t.co/chEuxN6u1T",0,1
2021-08-26 08:59:45,"#MarketNews üìä Quiet #trade, markets await #Powell üìä

#USD holds near a one-week low, broadly unchanged. US stocks c‚Ä¶ https://t.co/XnZd4pH1VF",1,2
2021-08-26 08:54:19,"US stock futures slip after the S&amp;P 500 logs a record high, as traders count down to Fed Chair Jerome Powell's spee‚Ä¶ https://t.co/Y9WJUIeMw6",0,0
2021-08-26 08:43:53,"It's shaping up for another subdued day on the stock market, with investors focused on Fed Chair Jerome Powell's bi‚Ä¶ https://t.co/llKhNQwUhO",0,0
2021-08-26 08:38:24,"US stock futures slip after the S&amp;P 500 logs a record high, as traders count down to Fed Chair Jerome Powell's spee‚Ä¶ https://t.co/49z9NPWnjg",1,2
2021-08-26 08:34:53,S&amp;P 500 Index extends the uptrend to tackle the 4540 mark ‚Äì SocGen https://t.co/648hQ2EZD8 #SP500 #Banks,1,2
2021-08-26 08:31:19,"US30 TP Smashed!!!

Signals Sent On Our Telegram Channel &gt;&gt;&gt; https://t.co/Cjx1bgQ4RX

#us30 #nas100 #nasdaq100‚Ä¶ https://t.co/wnxOYqgzm7",0,0
2021-08-26 08:30:03,Longview Economics - Daily RAG: Stay LONG SP500 - models remain onside: Daily RAG 24th August 2021 [...]‚Ä¶ https://t.co/CcdirirlXM,0,0
2021-08-26 08:13:37,"Column: Wall Street boom or bubble? Don't blame it all on the Fed: Jamie 
Columna: ¬øAuge o burbuja de Wall Street?‚Ä¶ https://t.co/KWBjXRAcvg",0,0
2021-08-26 08:12:05,"#LEGO #LEGOFriends set 41039 - Sunshine Ranch, 2014 Release #LEGOFriendsAccessories #LEGOFriendsPets‚Ä¶ https://t.co/H2b4QkATvv",0,0
2021-08-26 07:59:11,@MichaelAArouet @FT sp500 looks like the gold price here. something wrong,0,0
2021-08-26 07:52:41,#DJIA #SP500 #NASDAQ Click and guess https://t.co/UokBHsdq54 https://t.co/cGrnEJHPC9,0,0
2021-08-26 07:47:33,"S&amp;P 500, Nasdaq close at new highs as investors look to upcoming speech from Fed Chair Powell https://t.co/U1vuwxPYCy #interesting",0,0
2021-08-26 07:44:29,"fresh wave count for sp500 index!!
#SP500 #nifty50 #NASDAQ #DowJones https://t.co/4nxGv3I5NX",0,0
2021-08-26 07:43:37,#DJIA (#SP500 #NASDAQ) recommended position today (https://t.co/UokBHsdq54) https://t.co/kJ2wcED431,0,0
2021-08-26 07:42:24,First Weekly Fast Track  #artificialintelligence #ai #spx #sp500 a.i. for investors and traders https://t.co/s8j6hnU9t4,1,1
2021-08-26 07:40:54,#DJIA #SP500 #NASDAQ current performance as of today 08/26/2021 (https://t.co/UokBHsdq54) https://t.co/xDnYAzmxls,0,0
2021-08-26 07:40:05,"4700-4800 level to watch out for SP500 index!!
#SP500 #NASDAQ #Tesla #Fed https://t.co/UsmC5Qus8j",0,1
2021-08-26 07:39:23,"#233 #SPX 
Its all percention..
1Ô∏è‚É£ SP500 linear scale üò≥Looks like a bubbleüò®
2Ô∏è‚É£ SP500 logarithmic scale ü§®That look‚Ä¶ https://t.co/bVUGmQ78rp",0,1
2021-08-26 07:36:19,Performance chart vs #DJIA #SP500 #NASDAQ (https://t.co/UokBHsdq54 08/26/2021) https://t.co/L9qECM0c7p,0,0
2021-08-26 07:32:33,#DJIA #SP500 #NASDAQ vs BTD ? results table: https://t.co/UokBHsdq54 https://t.co/KhjOMN5in0,0,0
2021-08-26 07:27:58,Compare with #djia #SP500 #NASDAQ recent results data: https://t.co/UokBHsdq54 https://t.co/YlfW16ebS0,0,0
2021-08-26 07:13:11,"#LEGO #LEGOFriends set 3315 - Olivia's House, 2012 Release #LEGOFriendsAccessories #LEGOFriendsPets‚Ä¶ https://t.co/QZnJOs7yDk",0,0
2021-08-26 07:12:28,@yuriymatso The only thing we can say about the #SP500 is it's firmly in BUY on our system which looks for longer t‚Ä¶ https://t.co/Rev5Ioz9VP,0,0
2021-08-26 07:01:21,"$500,000 SP500 retirement fund up 100% this past yr - boring. 
$100 BTC up 400% in the same period - genius!

Still‚Ä¶ https://t.co/HoQR8xQqUz",0,6
2021-08-26 06:55:11,"#tern TERN PLC great chat from investors
https://t.co/fQKcpMhRdY

#investment #investors #fido #Azure #womenintech‚Ä¶ https://t.co/k6xuB67ipc",2,1
2021-08-26 06:39:45,"#tern TERN PLC forecast with all great investee companies look right!!!
https://t.co/hX1G57isWp

#ftc #mdz #bloe‚Ä¶ https://t.co/ZNA3SS417w",0,3
2021-08-26 06:30:54,"Upcoming Economic Events for Today - Good Morning Europe
For more events and real-time market data go to‚Ä¶ https://t.co/qg7Jb2wg2z",0,0
2021-08-26 06:10:31,XEM ETF Review ‚Äì Better than the TSX but not SP500 https://t.co/cmh5fbCW9o,0,2
2021-08-26 06:07:33,"#BTCUSD TP1 done booked profit üòçüî•

For more signals DM me: https://t.co/veHGZ28uk3

#EURTRY #BTCUSD #WTI #xauusd‚Ä¶ https://t.co/WXse0IbbTf",0,0
2021-08-26 06:07:03,"#LEGO #LEGOFriends set 3185 - Summer Riding Camp, 2012 Release #LEGOFriendsAccessories #LEGOFriendsPets‚Ä¶ https://t.co/fQ6mue5UZF",0,0
2021-08-26 06:01:57,"Where do we go now, sweet Powell? By @IpekOzkardeskay https://t.co/si5e70WRyw #Fed #SP500 #Intermarket #EURUSD #Europe",0,0
2021-08-26 05:50:04,MSCI Developed Market Country Indices (Standard Large+Mid-Cap) Year-to-Date 25/08/2021 - #SP500 #DJI #LSE #ASX #DAX‚Ä¶ https://t.co/nUKL0tQ5by,0,1
2021-08-26 05:50:02,MSCI Developed Market Country Indices (Standard Large+Mid-Cap) Month-to-Date 25/08/2021 - #SP500 #DJI #LSE #ASX‚Ä¶ https://t.co/DfUZMwbsKe,0,1
2021-08-26 05:29:07,"The S&amp;P 500 had been traveling over this triangular wedge for quite a few months now. Atleast before November, it w‚Ä¶ https://t.co/onakBMl6fw",0,0
2021-08-26 05:28:04,"Closed Sell Limit SP500 4428.0 for 0.0 pips, total for today 0.0 pips",0,0
2021-08-26 05:27:09,See our new #LEGO #LEGOFriends Theme page! #LEGOFriendsAccessories #LEGOFriendsPets #LEGOFriendsMini-Dolls #AFOL‚Ä¶ https://t.co/7XJRKQQxKF,0,0
2021-08-26 05:25:00,@MFHoz RSI for SP500 on monthly and weekly is high I think they might do a rug pull in October or the Fed can kick‚Ä¶ https://t.co/35ONvzm4dl,0,1
2021-08-26 05:13:37,"S&amp;P500 P/E Ratio: 38.1 vs Average of 15.94

More demand than supply that there is to grow. This can only turn out b‚Ä¶ https://t.co/jH2ckdmhgN",0,0
2021-08-26 05:00:45,"DAILY #Prediction Results
For 25th August 2021
4 out of 4 predictions are correct.

#SP500 #DowJones #Apple #Google https://t.co/Fd41x1t1Tu",0,0
2021-08-26 04:55:07,"@JeffTay68778958 @The_real_fafa @NaturallyNerdy9 @TradesTrey My TA and chart covers other factors like IV, RSI, Fib‚Ä¶ https://t.co/Vk8FYSxuVH",0,1
2021-08-26 04:54:31,"@coloradotravis SP500 is short vol, which anticorrelates with VIX making VIX long vol.
If bonds are long vol, which‚Ä¶ https://t.co/18ErITtMbH",0,0
2021-08-26 04:42:48,"#SP500 | SP 500 Consolidated - CHICAGO MERCANTILE EXCHANGE | 13874+

Commitments of Traders (CoT) Legacy Report
Tue‚Ä¶ https://t.co/FMmrFBHqQK",0,0
2021-08-26 04:42:05,"CoT Index

#SP500 | SP 500 Consolidated - CHICAGO MERCANTILE EXCHANGE | 13874+

Commitments of Traders (CoT) Legacy‚Ä¶ https://t.co/U88ooVjlzx",0,0
2021-08-26 04:41:29,"Long vs Short

#SP500 | SP 500 Consolidated - CHICAGO MERCANTILE EXCHANGE | 13874+

Commitments of Traders (CoT) Le‚Ä¶ https://t.co/wNf92Gz7pP",0,0
2021-08-26 04:35:51,@coloradotravis How much would you have returned on a bond position in 2020 March after getting through the depth o‚Ä¶ https://t.co/bMG3UC6O7v,0,1
2021-08-26 04:27:19,@coloradotravis Selling 1000 strike puts on the SP500 has no meaningful risk of blowing up,0,1
2021-08-26 04:25:02,#sp500 #nasdaq and #dow should continue its rise unless the Fed has something negative to say. #kelsays,0,0
2021-08-26 04:23:50,S&amp;P500 Today 26 August 2021 Technical Analysis. Daily market analysis https://t.co/YXZrBcZS72 #SP500 #USA #StockMarket,0,0
2021-08-26 04:11:45,"$SPY
The #SP500 notched its 50th record closing high of 2021 on Tuesday, below 1995's record of 77.
Seems 2021 is c‚Ä¶ https://t.co/9fhNT0jy0S",1,2
2021-08-26 04:09:03,"#LEGO #LEGOArchitecture #Architecture set 21050 - Studio, 2013 Release #LEGOBuildings #AFOL #LEGObricks‚Ä¶ https://t.co/MwdzBXGu3R",0,0
2021-08-26 04:00:04,"Since 1950, the #DowJones Industrial Average has seen an average decline of 0.8% in #September. The #SP500 a 0.5% d‚Ä¶ https://t.co/OcQ4NHEXyv",0,0
2021-08-26 03:52:53,@jmhorp I don't see any mention on the website but I'm pretty sure the SP500 also isn't including dividends.,0,0
2021-08-26 03:41:29,Interesting that #SP500 earnings estimates for ‚Äò21 are up by that same amount ytd: 20%. https://t.co/TS0Zbe2oTM,0,4
2021-08-26 03:40:59,"@robkhenderson @Jesse_Livermore ""So yeah, fuck those losers.""
- the federal reserve",0,0
2021-08-26 03:39:32,"Dow Gains, S&amp;P 500, Nasdaq Hit New Highs As House Vote Boosts Stocks - Investor's Business Daily https://t.co/R5GKP01IRt",0,0
2021-08-26 03:24:26,@newsycombinator Can anyone do the [(SP500+dividend yield )/M3 or MZM]? How does this look then?,0,0
2021-08-26 03:23:06,"#LEGO #LEGOArchitecture #Architecture set 21031 - Burj Khalifa, 2016 Release #LEGOBuildings #AFOL #LEGObricks‚Ä¶ https://t.co/iYXme97hKS",0,0
2021-08-26 03:23:05,"@fundstrat @fs_insight Big fan, but I feel an oof coming on.",0,0
2021-08-26 03:05:30,"Saral Level for SP500 for 8/26. Bias Bullish

4496
4487
4480

Pullback level...if markets opens gap or down outside‚Ä¶ https://t.co/4x7rgLon53",0,1
2021-08-26 02:40:18,"S&amp;P500 near 4600 is crucial zone for a good profit booking- Dual Resistance zone yesterday tested 4501....
^SPX‚Ä¶ https://t.co/bO7IcCK4xY",0,3
2021-08-26 02:34:59,"@BarrySilbert 
Dude,
WTF.
Sincerely, 
ETC",0,0
2021-08-26 02:31:24,@LynAldenContact Can you please give me your opinion on ethereum classic. Garbage or not?,0,0
2021-08-26 02:26:58,Even if you want to adjust the SP500 for inflation (which is kind of a comical thing to do) this argument is just f‚Ä¶ https://t.co/MSwNNyBUSg,0,1
2021-08-26 02:25:05,"In case you missed it @Tony_Sycamore on @ausbizTV this morning talking with @karaOrdway about the #AUDUSD, #DXY,‚Ä¶ https://t.co/A8j6okdCKX",2,2
2021-08-26 02:23:24,They‚Ä¶took the SP500‚Ä¶and divided it by M3‚Ä¶??? Please turn yourself in and promptly check in to econjail https://t.co/51yO38BXXP,0,2
2021-08-26 02:20:09,"#LEGO #LEGOArchitecture #Architecture set 21027 - Berlin, 2016 Release  #LEGOBuildings #AFOL #LEGObricks‚Ä¶ https://t.co/e84b4Nps0h",0,0
2021-08-26 02:16:14,"If you find the SwingArm valuable, please LIKE &amp; RETWEET.  #es_f #sp500 #spx #nasdaq #stocks #qqq #iwm #rty‚Ä¶ https://t.co/OJI9lanxLb",0,2
2021-08-26 02:14:53,The one indicator every trader in the world must use.. Available FREE.  #es_f #sp500 #spx #nasdaq #stocks #qqq #iwm‚Ä¶ https://t.co/popOqjHNM8,5,8
2021-08-26 02:14:25,"@mcuban If more people would educate themselves on investing, even just putting money into a low cost SP500 index f‚Ä¶ https://t.co/VwjTWKrOci",0,0
2021-08-26 02:13:20,"S&amp;P 500 Futures, US Treasury yields step back on covid fears, Jackson Hole anxiety By @anilpanchal7‚Ä¶ https://t.co/iDUUPOC0sI",0,0
2021-08-26 02:08:13,#SP500 and #NASDAQ end session at record closing hightsüìàüìàüìà https://t.co/T2ZuXggH0a,1,2
2021-08-26 01:49:56,"Members Markets Review #Ichimoku, ... - https://t.co/iJG5yVHWDB
#AUDUSD #Bitcoin #BTCUSD #Candlesticks‚Ä¶ https://t.co/o50DGtmE9M",0,0
2021-08-26 01:49:52,"Members Markets Review #Ichimoku, ... - https://t.co/mCyrYZgAWW
#AUDUSD #Bitcoin #BTCUSD #Candlesticks‚Ä¶ https://t.co/e0evuRADVb",0,1
2021-08-26 01:49:49,"Members Markets Review #Ichimoku, ... - https://t.co/fKQNHRpI49
#AUDUSD #Bitcoin #BTCUSD #Candlesticks‚Ä¶ https://t.co/mdT82kEIGW",0,0
2021-08-26 01:49:47,"Members Markets Review #Ichimoku, ... - https://t.co/GabHdeeeL5
#AUDUSD #Bitcoin #BTCUSD #Candlesticks‚Ä¶ https://t.co/7JiNrSQ0sg",0,0
2021-08-26 01:45:11,"Overnight
#Asia
#Nikkei            -0.03%
#HangSeng    -0.13%
#ASX200        +0.39%

#Europe:
#FTSE100      +0.34%‚Ä¶ https://t.co/pA1ZXULRYm",1,3
2021-08-26 01:24:42,Tsla hasn‚Äôt done much since it got into SP500.  Safer to just own SP500 https://t.co/u59X8RXgxu,0,0
2021-08-26 01:21:05,"#LEGO #LEGOArchitecture #Architecture set 21026 - Venice, 2016 Release  #LEGOBuildings #AFOL #LEGObricks‚Ä¶ https://t.co/jO7pEyMdt3",0,0
2021-08-26 01:18:54,"#AMEX Top Volume Leaders
#Takung Art Ltd ( $TKAT) Strong Buy
#SP500Financials Sector ( $XLF) Buy
#SP500 SPDR ( $SPY‚Ä¶ https://t.co/png9IjlWrX",0,0
2021-08-26 01:17:56,"@DividendBulls @cadeinvests I‚Äôm 23, will be 24 Saturday. How can I be like you? I‚Äôm currently investing $1K a month‚Ä¶ https://t.co/2XBmhcXvCX",0,3
2021-08-26 01:05:37,sp500 1hour https://t.co/j62OLRK1Q2,0,0
2021-08-26 01:00:10,"Small Cap Stocks To Buy Based on Predictive Analytics: Returns up to 20.55% in 1 Month
https://t.co/M9uKtQxo5V‚Ä¶ https://t.co/K8etVGnaCT",2,1
2021-08-26 00:52:32,Economy Collapsing And Contracting Rapidly. Inflation IS SURGING! &amp; STOCK MARKET HITS NEW RECORD‚Ä¶ https://t.co/IQ9veLl0mz,0,0
2021-08-26 00:23:56,"@cadeinvests The next 100!! My favorite growth ETF. Also love some $SFYX, which is the next 500 going into the SP500",0,0
2021-08-26 00:23:21,The inflation-adjusted SP500 has never recovered from the 2000 peak https://t.co/d3eWmumius (https://t.co/XTOWmRw0sa),0,0
2021-08-26 00:16:48,SP500 Has moved one day beyond the Cycle date but as this is a larger Cycle it may take another day to play out . M‚Ä¶ https://t.co/P0mWWOG58P,0,6
2021-08-26 00:05:57,The inflation-adjusted SP500 has never recovered from the 2000 peak https://t.co/j6ij0BgsNr,84,346
2021-08-26 00:05:00,"Top stocks with TA score trending DOWN (SP500):
$CTVA $ATO $MMM $FCX $WHR $MRO $BBY $LYB $FBHS $HPQ $SIVB $APTV‚Ä¶ https://t.co/YWZE4u64UX",0,0
2021-08-26 00:05:00,"Top stocks with TA score trending UP (SP500):
$MRK $MKTX $TFX $UNH $NFLX $BDX $EQIX $UHS $VRTX $ABMD $ZTS $EA $ABBV‚Ä¶ https://t.co/IpwV5UnPF9",0,0
2021-08-26 00:02:38,"The inflation-adjusted SP500 has never recovered from the 2000 peak https://t.co/rpyDFlgbNt 
5",0,0
2021-08-26 00:02:20,"S&amp;P 500, Nasdaq close at new highs as investors look to upcoming speech from Fed Chair Powell‚Ä¶ https://t.co/vki93NIgo1",0,0
2021-08-26 00:00:46,"The inflation-adjusted SP500 has never recovered from the 2000 peak https://t.co/T4XLFWYZuN 
5",0,0
2021-08-26 00:00:12,"The inflation-adjusted SP500 has never recovered from the 2000 peak https://t.co/ZJZUWE94vB 
5",0,0
2021-08-26 00:00:03,The inflation-adjusted SP500 has never recovered from the 2000 peak: https://t.co/zqOQVkNmno Comments: https://t.co/lf1K6Axd4c,0,1
2021-08-25 23:59:35,The inflation-adjusted SP500 has never recovered from the 2000 peak https://t.co/OufKea7flP https://t.co/F6VNrQil2I,0,0
2021-08-25 23:53:17,"Title: The inflation-adjusted SP500 has never recovered from the 2000 peak

üí¨: For me this article is kind of a jok‚Ä¶ https://t.co/JOHuUI5qec",0,0
2021-08-25 23:53:09,"The inflation-adjusted SP500 has never recovered from the 2000 peak
L: https://t.co/gJMYuBoB1m
C: https://t.co/A8wyqE30lU",1,0
2021-08-25 23:49:32,"S&amp;P, Dow Jones, Nasdaq extend winning streaks; 10-year yield triggers 'death cross' $SP500 $TLT https://t.co/r8zpp67dRT",0,0
2021-08-25 23:42:11,New-York The best place in the world for finance! #USA #NYSE #Nasdaq100 #SP500 #WallStreet Caution is always advise‚Ä¶ https://t.co/mLeuTgieLR,0,3
2021-08-25 23:12:11,"#LEGO #LEGOArchitecture #Architecture set 21018 - United Nations Headquarters, 2013 Release #LEGOBuildings #AFOL‚Ä¶ https://t.co/EOLpK1T80l",0,0
2021-08-25 23:03:49,"#SP500, #Nasdaq Hit New Record Highs As #Vaccine Rally Continues ‚Äî But Here‚Äôs What #Investors Are Focused On Next https://t.co/Ry1Eus8r4t",0,0
2021-08-25 23:00:03,@GMEdd Let‚Äôs go to SP500,0,0
2021-08-25 22:46:03,SP500 NASDAQ Russell 2000 technical analysis Elliott Wave forecast &amp; trading [video] https://t.co/BEzPBOMSDa #SP500‚Ä¶ https://t.co/OKLjfS5Ito,0,0
2021-08-25 22:39:19,"""Mercury Bands"" Algo Inflection Levels for #SP500 Futures:

Chart Left: Levels for 8-25-21 Evening Session until 
E‚Ä¶ https://t.co/ZsKs4W4axH",0,3
2021-08-25 22:39:15,#SP500: the multi-year log chart would support your thesis Ryan! $SPY #SPX https://t.co/9npjpArctI https://t.co/g0FmZMEXk3,0,1
2021-08-25 22:33:17,#tern TERN PLC investee @DeviceAuthority.We are going to see the biggest rise on the aim market very soon!‚Ä¶ https://t.co/R81xyK1Orq,6,4
2021-08-25 22:24:53,#SP500 Doji Candle and hit New ATH at 4500. RSI 66 can rise more. Bullish behaviour.,0,1
2021-08-25 22:24:18,"#SP500 price target 15,404.5 anyone? It's just the fair value, nothing extreme.ü§ì #SPX https://t.co/1XOmKtQ1hq",0,1
2021-08-25 22:19:50,Talk of Fed‚Äôs taper may cap strength in¬†SP500 https://t.co/oO8F5jeX9w,0,0
2021-08-25 22:16:01,"#FXFOCUS #TRADING, WE ARE CLOSING &amp; TAKING #PROFIT ON #SP500 30.0 PIPS 
 https://t.co/ItT2YMGVri",1,0
2021-08-25 22:04:03,"#LEGO #LEGOArchitecture #Architecture set 21017 - Imperial Hotel, 2013 Release #LEGOBuildings #AFOL #LEGObricks‚Ä¶ https://t.co/viJSEZFjSf",0,0
2021-08-25 22:00:18,"Current S&amp;P 500 #SP500 Price: $4,496.19 üìà",0,0
2021-08-25 21:44:06,#SPX #SP500 nothing changed so far https://t.co/8brAnt0cCW,0,3
2021-08-25 21:41:46,SP Daily parabolas 8/25/2021 #SP500 #ESU1 https://t.co/AVgQqGnpj7,0,0
2021-08-25 21:33:43,What are the effects of the COVID-19 pandemic on the S&amp;P 500 index? The answer is in this new publication forthcomi‚Ä¶ https://t.co/quffzA7OaM,2,0
2021-08-25 21:33:32,"@TOFIQFAZL @Francesco0996 @JBStocks_ @TaraBull808 @DMX #AUGUST 26, 2021 ALL $AMC $GME #Futures contracts MUST BE RO‚Ä¶ https://t.co/Pevvzo4Zl4",2,10
2021-08-25 21:32:22,"@TOFIQFAZL New #Video on $AMC $GME #Super #Senior #Synthetic #CDO's 
Credit to #DD by @Francesco0996 SKIP to 1:52:3‚Ä¶ https://t.co/Zn9Z2OYPHM",2,11
2021-08-25 21:31:28,#SP500 $sp Nasdaq $ndx Russell 2000 $rut Technical Analysis Elliott Wave Forecast &amp; Trading https://t.co/ShH1ID9Taj via @YouTube,0,0
2021-08-25 21:24:32,"August 25-General Market Recap: 
Market - The Dow Jones added 0.11%, the S&amp;P 500 gained 0.22%, and the Nasdaq incre‚Ä¶ https://t.co/sjm8N00zHB",0,0
2021-08-25 21:24:10,"Not complaining about the run, but the longer the fed continues to prop up the economy and bend yield curves, the h‚Ä¶ https://t.co/6cwgyM2wTZ",0,1
2021-08-25 21:13:51,"Excited about market highs? Don‚Äôt be, looks like a topping pattern By @stocks_updates https://t.co/FSoYnQkW0T‚Ä¶ https://t.co/OtrjGVAxN1",0,1
2021-08-25 21:09:02,@RudyHavenstein Does it correlate with SP500?,0,0
2021-08-25 21:07:21,"S&amp;P 500 E-mini #Futures #ES_F ‚¨Ü9.75 Points (0.22%) to 4,493.5 #SP500 $SPX $SPY #futurestrading #future #Investment‚Ä¶ https://t.co/rq6SSmhOCL",0,0
2021-08-25 21:00:20,"Current S&amp;P 500 #SP500 Price: $4,496.19 üìâ",0,0
2021-08-25 20:57:43,@PatrickCarasco @NCheron_bourse @giofil1961 @RDaubry @DanielCohendeL1 @BNPPbourse @pittbull_grrr @benoistrousseau‚Ä¶ https://t.co/QjuqGPm65c,0,0
2021-08-25 20:57:42,"New #Video $AMC $GME 
#Super #Senior #Synthetic #CDO's 
Credit to #DD by @Francesco0996
SKIP to 1:52:30‚≠ê

#SP500 vs‚Ä¶ https://t.co/SQG5lK1OaB",1,7
2021-08-25 20:56:12,"@lorabell64 @YouTube New #Video on $AMC $GME #Super #Senior #Synthetic #CDO's 
Credit to #DD by @Francesco0996 SKIP‚Ä¶ https://t.co/SMKncqEvbL",0,3
2021-08-25 20:50:01,"#SP500 index doubles from pandemic low on March 23, 2020. It took the market 354 trading days to get there, marking‚Ä¶ https://t.co/0DMrhdjwgU",0,2
2021-08-25 20:43:49,S&amp;P500 up almost 101% since 3/23/20! To fast?ü§îAlso sets a record at 4496 &amp; MRVL sets a record at $63.20! My persona‚Ä¶ https://t.co/hnRvpotNb6,0,1
2021-08-25 20:41:46,"""There could be a partial assessment of the economic situation,"" an analyst said. ""The transitory inflation mantra‚Ä¶ https://t.co/t6kRsMf52n",0,0
2021-08-25 20:39:32,"Today 's HeatMap of #SP500 #mega  market stocks: $AAPL $FB 
$MSFT $GOOGL $AMZN 
 
https://t.co/r3QJEyqGoZ https://t.co/zjaHJ21OFE",0,0
2021-08-25 20:38:32,#SP500 $SPX HeatMap 1 week performance  #large #communicationservices sector $TMUS $CHTR $ATVI $T‚Ä¶ https://t.co/LWVmYAIHmx,0,1
2021-08-25 20:37:31,#SP500 $SPX #consumercyclical HeatMap  #large 1 week market stocks: $LOW $GM $BKNG $TJX‚Ä¶ https://t.co/WUZ6EbLHyb,0,0
2021-08-25 20:37:18,@charliebilello Without any doubt #SP500 goes too far. I think some type of market correction is ahead,0,3
2021-08-25 20:36:48,"HeatMap #SP500 $SPX #large #energy 1 week market stocks:$EOG $COP $CVX $SLB 
 
https://t.co/r3QJEyqGoZ https://t.co/beG1xItbTC",0,0
2021-08-25 20:36:00,"HeatMap #SP500 $SPX  #large #financialservices 1 week market stocks: $C $WFC $MS $BLK 
  
https://t.co/r3QJEyqGoZ https://t.co/nSEXEs5lTg",0,1
2021-08-25 20:33:31,"HeatMap #SP500 $SPX #large #basicmaterials 1 week market stocks: $ECL $LIN $SHW $FCX 
  
https://t.co/r3QJEyqGoZ https://t.co/jHEjwdMtvX",0,0
2021-08-25 20:28:51,#CrudeOil/#USOIL-Target at 68.00 Hit. Todays analysis still valid. https://t.co/xJAul6yA3g,0,1
2021-08-25 20:27:07,#Stocks crept higher across-the-board today with #NASDAQ and #SP500 adding to their record highs.  The gains have b‚Ä¶ https://t.co/pSLsCfoNxE,0,0
2021-08-25 20:27:03,"#LEGO #LEGOArchitecture #Architecture set 21015 - The Leaning Tower of Pisa, 2013 Release #LEGOBuildings #AFOL‚Ä¶ https://t.co/bXkdgbDzAI",0,0
2021-08-25 20:25:41,"Wednesday's Top Flow in S&amp;P 500 #SP500, Buy Flow &amp; Sell Flow $ADI $REGN $PYPL $MU $CI $MSFT $WFC $ARE $ES $VRSK‚Ä¶ https://t.co/uW4KIGUNCf",0,0
2021-08-25 20:19:06,"#SPX500-26th. Resistance (4499) and 4496/92 a break below this, next 4489/ (4487). If 4485/78 fail next, (4474) (44‚Ä¶ https://t.co/oto3v7DoAi",0,0
2021-08-25 20:18:11,"S&amp;P 500, Nasdaq close at new highs as investors look to the upcoming speech of Fed Chair Powell https://t.co/Pa9qPN8U03 #followforfollow",0,0
2021-08-25 20:16:59,"Today‚Äôs, 10 top/bottom percent net change performers in the #SP500 Index
#SPY #ES_F #SPX $SPX $SPY #ES $PENN $GPS https://t.co/YxLCysOuF5",0,1
2021-08-25 20:16:31,Markets CLOSED üö® #DowJones #SP500 #NASDAQ üìà https://t.co/Iqf0IGIyRj,0,3
2021-08-25 20:11:43,"@Lotus_Trading20 I see red markets for tomorrow. Markets need gasoline to go up (Volume). 

4500  E-mini #SP500‚Ä¶ https://t.co/7JKpLpbuly",0,1
2021-08-25 20:07:56,"$SP500 $TBT $TLT - S&amp;P, Dow Jones, Nasdaq extend winning streaks; 10-year yield triggers 'death cross' https://t.co/5ZUwcZveb0",1,0
2021-08-25 20:05:09,"S&amp;P 500, Nasdaq close at new highs as investors look to the upcoming speech of Fed Chair Powell https://t.co/9sYI9Cha7d",0,0
2021-08-25 20:05:04,"Top #moneyflow for #sp500 today
$DE $AAPL $PFE $MDT $GME $MRK $HON $AMZN $BA $GOOG ...
https://t.co/S59zN18Con",0,0
2021-08-25 20:04:42,"Market winning streak hits four, with the #NASDAQ and SP500 hitting fresh highs.  We'll see if sentiment turns caut‚Ä¶ https://t.co/IgpSf9HhYY",0,0
2021-08-25 20:02:40,"#SPX500-25th. Upside target at 4500 Hit. Once again, the S&amp;P made a new record high at 4402. In case of a pullback‚Ä¶ https://t.co/WoEB7uXg1J",0,0
2021-08-25 20:00:19,"Current S&amp;P 500 #SP500 Price: $4,497.96 üìâ",0,0
2021-08-25 19:59:56,"Burn off picking up steam. Looking at continued selling tonight/tomorrow.

$ES_F #daytrading #futures #sp500‚Ä¶ https://t.co/MXytqnXPrx",0,3
2021-08-25 19:56:55,"Have a great evening 
Will be back with more charts &amp; ideas

$AAPL $AMD $GOOGL $BA
$FUBO $FB $TDOC $PFE $SHOP $MSFT‚Ä¶ https://t.co/CYP79U1koq",0,6
2021-08-25 19:41:05,"@TheDuffsFUT So been doing a sim for 10 months or so now, (stock sim) 

To practice a bit, learn a lot about the ma‚Ä¶ https://t.co/Q6IjTZr2BY",0,1
2021-08-25 19:37:33,"Nasdaq hits 15,000 for first time ever. Is Dow 36,000 next? - CNN https://t.co/ftjeY8Z3DT",0,0
2021-08-25 19:32:38,"#PrivateTrader Half an hour before the closing bell, the S&amp;P 500 rose to a new high in trading today, 4497.25 so fa‚Ä¶ https://t.co/zcpZNB4wmA",0,0
2021-08-25 19:31:18,"Is an interesting day.. look at the width on the Nasdaq bars vs SP500 and Dow.. Credit Companies sold, Banks bid.‚Ä¶ https://t.co/rkGlro2cDA",0,0
2021-08-25 19:29:10,"Here's a look at the financial week ahead!
#economicupdate #economicrecovery #federalreserve #deltavariant‚Ä¶ https://t.co/Nixnwd1KZA",0,0
2021-08-25 19:25:52,@BowTiedKinkajou @SheTalksFinance @TikTokInvestors I don't trade individual stocks or own any individual stocks. I‚Ä¶ https://t.co/E2YcPJHrmt,0,0
2021-08-25 19:24:56,"boy was this a slow session.. had an open trade on forever, it just didnt tick.. today's result was +13T - #ofwd‚Ä¶ https://t.co/AzeRVDCddC",0,0
2021-08-25 19:23:09,"@DaveHcontrarian @uwemoellers @marcfriedrich7 David, is your bear market prediction for 2022? What would you invest‚Ä¶ https://t.co/FJ4sG2nfOm",0,0
2021-08-25 19:21:32,Social #Trading https://t.co/f41IsTyBld #bolsa #forex #sp500 https://t.co/DxJtmaYF2F,0,0
2021-08-25 19:20:17,MBO#116 Special Update https://t.co/cklyRwiY3b #trading #stockmarket #investing #Emini #SP500 https://t.co/XBMy4mgz7t,1,1
2021-08-25 19:20:07,I wonder if SP500 going in a straight line up is somehow related to Bitcoin at $50000ü§î,0,0
2021-08-25 19:15:35,"#SP500 #rises to #another #record on Wednesday, Dow jumps nearly 100 points. @CNBC https://t.co/9FCle5FtPa",0,0
2021-08-25 19:04:04,Come watch Austin talk the market today in power hour (3-4pm) SP500 high break! $BTC is back up! $RGC craziness too! https://t.co/2B1lzQaFCe,1,1
2021-08-25 19:03:53,"$SP500 - Dow Jones, Nasdaq, S&amp;P 500 are tentative with Jackson Hole approaching https://t.co/n3Zrj7TFdg",0,0
2021-08-25 19:01:25,Calcbench takes a look at revenue and net income by S&amp;P500 quintile. Here's what we found: the largest firms saw th‚Ä¶ https://t.co/EHmaSkDJ2G,0,0
2021-08-25 19:00:53,"Despite the #SP500 index rising above the 4,500 #USD mark for the first time ever and continuing higher nearly ever‚Ä¶ https://t.co/yOVu6yFil1",0,0
2021-08-25 19:00:21,"Current S&amp;P 500 #SP500 Price: $4,499.18 üìà",0,0
2021-08-25 18:49:48,@pragha Interesting. Tells you how heterogeneous the SP500 really is.,0,0
2021-08-25 18:45:08,"S&amp;P 500 E-mini #Futures #ES_F ‚¨ÜÔ∏è9.5 Points (0.21%) to 4,493.25 #SP500 $SPX $SPY #futurestrading #future #Investment‚Ä¶ https://t.co/yNXyPWp2Cd",0,2
2021-08-25 18:44:10,"S&amp;P 500 E-mini #Futures #ES_F ‚¨ÜÔ∏è9.5 Points (0.21%) to 4,493.25 #SP500 $SPX $SPY #futurestrading #future #Investment‚Ä¶ https://t.co/cZ32iSYbZ6",0,2
2021-08-25 18:38:18,Big correction coming in the US market? #us100 #us500 #us30 #us2000 #NASDAQ #DowJones #SP500 #Russell2000,0,1
2021-08-25 18:38:08,"S&amp;P 500 E-mini #Futures #ES_U ‚¨ÜÔ∏è 11.5 Points (0.26%) to 4,495.25 #SP500 $SPX $SPY #futurestrading #future‚Ä¶ https://t.co/aIWYZ5pqKf",0,1
2021-08-25 18:37:39,"Canada's Big 5 Banks (plus National Bank) vs SP500/NASDAQ 

Performance from March 2020 to Today
#RY #TD #BMO #CM‚Ä¶ https://t.co/1pJTzPoc94",0,1
2021-08-25 18:32:51,"S&amp;P 500 E-mini #Futures #ES_F ‚¨ÜÔ∏è10.5 Points (0.23%) to 4,494.25 #SP500 $SPX $SPY #futurestrading #future‚Ä¶ https://t.co/KESVTMamfI",0,1
2021-08-25 18:32:06,"S&amp;P 500 E-mini #Futures #ES_F ‚¨ÜÔ∏è10.5 Points (0.23%) to 4,494.25 #SP500 $SPX $SPY #futurestrading #future‚Ä¶ https://t.co/dviRTZ1ID5",0,1
2021-08-25 18:31:24,"S&amp;P 500 E-mini #Futures #ES_F ‚¨ÜÔ∏è10.5 Points (0.23%) to 4,494.25 #SP500 $SPX $SPY #futurestrading #future‚Ä¶ https://t.co/1MUCFNfBjS",0,1
2021-08-25 18:26:01,Here's a more interesting $SPX forward P/E chart covering the two periods.  In August 1995 the #SP500 fwd P/E was a‚Ä¶ https://t.co/iLtR9UBGDp,0,0
2021-08-25 18:24:42,#Japanese companies have spent the last 25 years hoarding #cash. They now have the healthiest #balance sheets in th‚Ä¶ https://t.co/LmxUhRIblq,0,0
2021-08-25 18:21:11,"#LEGO #LEGOArchitecture #Architecture set 21012 - Sydney Opera House, 2012 Release #LEGOBuildings #AFOL #LEGObricks‚Ä¶ https://t.co/n0aASbNKBB",0,0
2021-08-25 18:18:23,#DJIA #SP500 #NASDAQ Can you believe it ? https://t.co/UokBHsdq54 https://t.co/N0jYr6DCfN,0,0
2021-08-25 18:15:47,"S&amp;P 500 Index sets new all-time high above 4,500 By @eren_fxstreet https://t.co/yFjxrR1oMF #Equities #SP500 #RiskAppetite",1,0
2021-08-25 18:15:29,@mechanic_tooth @PeterSchiff Mining stocks are scams that are promoted by scammers.  How does it feel watching the‚Ä¶ https://t.co/mPmIzdRl1X,0,2
2021-08-25 18:14:09,If you think August 2021 is like August 1995 you might want to take a look at the $SPX P/E ratios of the two.  The‚Ä¶ https://t.co/JTudV9ddf5,0,0
2021-08-25 18:09:05,#DJIA (#SP500 #NASDAQ) position (https://t.co/UokBHsdq54) https://t.co/LrxfqtWpm1,0,0
2021-08-25 18:04:29,Any #DJIA #SP500 #NASDAQ funds that beat this ? (https://t.co/UokBHsdq54) https://t.co/z40TnXWFAR,0,0
2021-08-25 18:01:58,Performance chart vs #DJIA #SP500 #NASDAQ (https://t.co/UokBHsdq54 08/25/2021) https://t.co/IxajfoyZ43,0,0
2021-08-25 18:00:23,"Current S&amp;P 500 #SP500 Price: $4,498.24 üìâ",0,0
2021-08-25 18:00:00,"On September 1, 2021, Robert C Ackerman will leave a role as #ExecutiveVP/#DivisionCOO at @CrownCastle. #BoardExAlerts #SP500 $CCI",0,0
2021-08-25 18:00:00,"Priced in #Bitcoin 
Aug. 24, 2021

üü® Gold: 0.037 BTC per ounce
üü¶ SP500: 0.093 BTC
‚¨õÔ∏è Crude Oil: 140k sats per barrel https://t.co/rFPfUm2CAE",4,30
2021-08-25 17:58:34,#DJIA #SP500 #NASDAQ vs BTD ? actual performance numbers: https://t.co/UokBHsdq54 https://t.co/L5PPOXV48X,0,0
2021-08-25 17:55:30,In 2021 through August (which isn't over yet) we've had 51 all-time new $SPX highs in 2021. You've got to go back t‚Ä¶ https://t.co/0mNTY25LcA,0,1
2021-08-25 17:55:25,Compare with #djia #SP500 #NASDAQ results : https://t.co/UokBHsdq54 https://t.co/brNyjiAZyv,0,0
2021-08-25 17:42:35,"Nasdaq Scales New Peak; Fed Caution Keeps S&amp;P 500, Dow Muted
#Nasdaq #Fed #SP500 #Dow #Trading #Forex‚Ä¶ https://t.co/lhzennMJiH",0,1
2021-08-25 17:21:57,"I was off 2hour and $sp500 hit 4500 with no news , big are chasing stops",0,0
2021-08-25 17:16:10,"Terrible outlook for #Harmony $ONE! Our models are expecting a price of $0.12 in 8 weeks 

Visit‚Ä¶ https://t.co/FQpPnZHViB",0,0
2021-08-25 17:13:13,For those who want to invest all their money in sp500 and don‚Äôt trust tf funds with long track records I can say th‚Ä¶ https://t.co/rRqEh8FTnC,0,0
2021-08-25 17:13:05,@Ceuta18 @1549jones @washingtonpost Wall street hates biden hence the dips on the sp500 anytime he speaks.,0,1
2021-08-25 17:10:12,"#LEGO #LEGOArchitecture #Architecture set 21010 - Robbie House, 2011 Release #LEGOBuildings #AFOL #LEGObricks‚Ä¶ https://t.co/kXrBRtTHtD",0,0
2021-08-25 17:07:38,@NorthmanTrader I‚Äôm short on sp500 by 4500. Ride or die:),0,9
2021-08-25 17:06:04,"Brutal SP500 collapse this week everyone spot on AGAIN with that doom prediction. 

Up the wall of worry we go. üßó",0,2
2021-08-25 17:00:19,"Current S&amp;P 500 #SP500 Price: $4,500.54 üìà",1,0
2021-08-25 17:00:01,"Indexes Stall Out After Major Surge
The S&amp;P and Nasdaq had a low-key morning after yesterday's excitement.‚Ä¶ https://t.co/eKaTQ2hKJh",0,0
2021-08-25 17:00:00,"#ACFMarketWrap EU/UK &amp; US ‚ñ≤. #FTSE100 ~‚ñ≤0.22%, #SP500 ~‚ñ≤0.23%, #Nasdaq &amp; #StoxxEurope flat. #HSI #Nikkei‚ñº - Chinese‚Ä¶ https://t.co/YbLHA4Jqkm",0,1
2021-08-25 17:00:00,"On October 31, 2021, Beci E Brenton will leave a role as #CorporateDirector at @HIIndustries. #BoardExAlerts  #SP500 $HII $HII.WI",0,0
2021-08-25 16:57:00,"While we ""wait and see"" let's wait and learn:
https://t.co/SVUtRjNaEX
#SP500 #NASDAQ #stocks #ETF",0,0
2021-08-25 16:54:38,#DAX-26th. Resistance at 15874 -15886/891 and 15908/915 above (15923) next 15932/956/(15987) if successful 16000/01‚Ä¶ https://t.co/ZiHaYcSvuu,0,1
2021-08-25 16:52:31,Jackson Hole Positioning https://t.co/rwx9AzxWse #Investment,3,0
2021-08-25 16:44:48,"#Spotted -- traders cheering the S&amp;P500 reaching 4,500.00. $SPY #SPX #SP500 https://t.co/SykRL86gQ6",0,5
2021-08-25 16:43:02,"Jesus SP500 just hit 4,500, wtf",0,0
2021-08-25 16:41:14,"#SPX  #SP500 reached 4,500.00.  You did it!! https://t.co/Yr5vNexyoh",0,2
2021-08-25 16:38:10,"sep job report will be a fucking blowout and sp500 to 500
#emotional $SPX",0,17
2021-08-25 16:36:30,"SP500 &gt; 4500 points! 

Next stop a 100K üòÇ

#trading $SPX #WallStreet #nobubble https://t.co/e9u9SUyRxf",1,4
2021-08-25 16:36:23,sp500 will never make a new higher high if we going to 2000 so hopefully you are buying the last dip at 1900.,0,0
2021-08-25 16:36:21,@APompliano At this point we have to assume you are shorting the SP500‚Ä¶ looks like the Ackman playbook,0,0
2021-08-25 16:33:11,@zerohedge 3rd day in a row where sp500 has reached a new ATH.,0,0
2021-08-25 16:26:27,"Dow Jones, S&amp;P, Nasdaq edge up as rally in yields boosts cyclicals $SP500 https://t.co/9a2sinagiI",0,0
2021-08-25 16:26:26,$SPY $ES_F $NYSE #SP500 #stockmarket #markets #investing #equities #Futures #stocks SPY /ES_F will be officially ov‚Ä¶ https://t.co/V9w5Yo7bE7,0,0
2021-08-25 16:26:03,"#LEGO #LEGOArchitecture #Architecture set 21009 - Farnsworth HouseÔøΩ, 2011 Release #LEGOBuildings #AFOL #LEGObricks‚Ä¶ https://t.co/dsIuxBrxA4",0,0
2021-08-25 16:21:59,its called the sp500 not the sp450. levered long until 5k,0,0
2021-08-25 16:17:54,#DAX30-25th 5 min chart future: An example of reversal prices and key reversal day - today¬¥s analysis as well as In‚Ä¶ https://t.co/3M78a2syL0,0,0
2021-08-25 16:16:36,"Sp500(1w)

Ud think we'd get a pullback at some point.  Most insane weekly chart.  Don't see how a taper isn't gonn‚Ä¶ https://t.co/HCMwjNdjGJ",0,0
2021-08-25 16:16:23,"$SPY $QQQ $DJIA

SP500 = 4,500
Nasdaq = 15,000
Dow Jones = 35,000

We like them nice and round..üòè",0,1
2021-08-25 16:14:47,""" Ain't no sunshine when she's gone
It's not warm when she's away
Ain't no sunshine when she's gone
And she's alway‚Ä¶ https://t.co/6U7nBcUqMw",0,3
2021-08-25 16:14:32,"$QQQ Daily 
Blue line , respect 

$SPY $IWM $DIA #SP500 #trading #StockMarket #indices https://t.co/CJMQbFcR2h https://t.co/SPpCcRx02y",1,1
2021-08-25 16:13:36,"#SP500 Daily 
Lines &amp; levels don't lie ... 
 
$SPY $QQQ $IWM #SPX #SPX500  $QQQ $IWM #StockMarket #ES_F‚Ä¶ https://t.co/D2sDEtNsYA",0,2
2021-08-25 16:13:28,"#US:Market Update

‚ú¶ Meme stocks extended y'day gains
‚ú¶ Fed's annual economic symposium in focus
‚ú¶ Indices hovers n‚Ä¶ https://t.co/rW4SKEtIUE",0,0
2021-08-25 16:13:23,"$SP500 $XLP $XLI - Dow Jones, S&amp;P, Nasdaq edge up as rally in yields boosts cyclicals https://t.co/dp4uw3RJv6",0,0
2021-08-25 16:13:18,#SP500 Hits 4500,0,0
2021-08-25 16:12:20,New post in #Bolsamx: Sp500 4500 puntos https://t.co/0vIQdOft45,0,0
2021-08-25 16:11:38,"Everyone is watching, penny by penny, the sp500 move to 4500 üòÇ
#es $spx $spy",0,32
2021-08-25 16:08:15,@RetirementRight SP500 all time highüëäüíØ,0,0
2021-08-25 16:02:08,"Bulls pushing the S&amp;P to fresh record highs, hoping to break above 4,500.

*78% of CFD clients lose money
#SP500‚Ä¶ https://t.co/4gSODzJ8Qy",1,0
2021-08-25 16:00:27,"Current S&amp;P 500 #SP500 Price: $4,498.98 üìà",0,0
2021-08-25 15:53:32,The S&amp;P500 and the Nasdaq Composite eked out new closing records amid sustained optimism that the economic recovery‚Ä¶ https://t.co/5DnoD77ihN,0,0
2021-08-25 15:53:25,"#SP500 (ATH) All time high 

... I've put this tweet on schedule to post daily as its quite repetitive üòã",2,6
2021-08-25 15:52:03,"Forgot yesterday. But yes.

Me: üìà 0.48%
S&amp;P500: üìà 0.41%",0,0
2021-08-25 15:39:52,"Fading the highs. Small for now. Super agrsv. Trgt area: 84. 

$ES_F #daytrading #futures #sp500‚Ä¶ https://t.co/5xaoNJ0uqO",0,3
2021-08-25 15:33:14,"El Bot Compra ‚¨ÜÔ∏è  #SP500 Index a $4495.77
üõëStop Loss $4414.846
üí∞Tomar ganancias: $4495.91
‚ö†Ô∏èPalanca: 1x Max
üöÄHablam‚Ä¶ https://t.co/n7sxifUxk0",0,1
2021-08-25 15:30:06,Join me &amp; my @cfraresearch colleagues for the webinar Weighty Issue on Stock Market and Technology on Sept 15. We'l‚Ä¶ https://t.co/odlb4RRIeL,0,1
2021-08-25 15:24:51,"@MacroAlf @CyberSpaceGal Based on Pe ratios of Sp500 being at record highs, the opportunity cost is at record lows‚Ä¶ https://t.co/xu1mb1YMsH",0,1
2021-08-25 15:22:56,"Excess fiscal and #FederalReserve pumped liquidity bubble still reaching for return, ie more risk  last reverse rep‚Ä¶ https://t.co/v284WkzQ2w",0,1
2021-08-25 15:22:06,"#LEGO #LEGOArchitecture #Architecture set 21008 - Burj Khalifa, 2011 Release #LEGOBuildings #AFOL #LEGObricks‚Ä¶ https://t.co/DITJx88Et7",0,0
2021-08-25 15:17:25,"@hussmanjp I read today that Wells Fargo upped their year-end SP500 target to 4,825 on solid ongoing earnings at YE‚Ä¶ https://t.co/SDkWkv6kmB",0,1
2021-08-25 15:12:55,@APompliano It‚Äôs like they converted the SP500 into an #NFT‚Ä¶,0,0
2021-08-25 15:10:25,"$ES1! SFP Signal

Exchange: PRIMEXBT
Symbol: ES1!
Timeframe: 1H
Signal: SFP High

Date: 08/25/2021, 3:10 PM

Trade‚Ä¶ https://t.co/o8hxu2pIaM",0,1
2021-08-25 15:05:31,SP500 update 2021-08-25 11:05:31: 1 day(s) added with 505 line(s) retrieved and 505 row(s) uploaded,0,0
2021-08-25 15:04:55,SP500 update 2021-08-25 11:04:55: 8 day(s) uploaded with 3030 line(s) retrieved and 4040 row(s) uploaded,0,0
2021-08-25 15:00:24,"Current S&amp;P 500 #SP500 Price: $4,492.25 üìà",0,0
2021-08-25 14:57:06,"Facebook $FB

Block of 27,104 shares at $367.80 worth $9,968,851

#Nasdaq #SP500",0,0
2021-08-25 14:54:38,"GameStop $GME

Another block of 19,070 shares at $214 worth $4,080,980

#Nasdaq #SP500 https://t.co/x6LWHAVCzo",1,3
2021-08-25 14:53:46,everyone chasing amc.  amc's daily volume in 2 hours is double the recent average of the sp500 daily volume.  and p‚Ä¶ https://t.co/TqmtcAyGv6,0,0
2021-08-25 14:50:28,"$ES (sp500)

new  ATH 

*yawning intensifies* https://t.co/jITckuEN3x",0,1
2021-08-25 14:46:38,"Please enjoy my latest article on @Investingcom about the S&amp;P500 
$SPX $SPY #Elliottwave #SP500 #stockmarketnews‚Ä¶ https://t.co/Ob2bOwAT49",2,1
2021-08-25 14:46:15,"Hearty congratulations to the following incredible women on their recent appointments to #SP500 &amp; #CA100 firmsüéâ

‚Ä¢‚Ä¶ https://t.co/dVtMj9Yfmq",0,3
2021-08-25 14:42:58,#DJIA (#SP500 #NASDAQ) position (https://t.co/UokBHsdq54) https://t.co/4oEPP2SJeg,0,0
2021-08-25 14:41:53,$NQ_F $QQQ #Nasdaq #SP500 #stockmarket #equitymarket #investing #equities #Futures #Trading #swingtrading‚Ä¶ https://t.co/SF81ZhSgqk,0,0
2021-08-25 14:40:24,@gualestrit short en sp500,0,0
2021-08-25 14:39:17,#DJIA #SP500 #NASDAQ performance as of today (https://t.co/UokBHsdq54) https://t.co/w1BrxzUVFy,0,0
2021-08-25 14:33:50,Performance chart vs #DJIA #SP500 #NASDAQ (https://t.co/UokBHsdq54 08/25/2021) https://t.co/esAY6hj5hU,0,0
2021-08-25 14:31:16,"$AMC

Another block of 43,332 shares at $46.10 worth $1,997,605

#Nasdaq #SP500 https://t.co/ueEqTDUBOO",1,1
2021-08-25 14:29:31,I hate to take issue with David Hunter but it seems to me that US stock market has topped around SP500 ~ 4500. It i‚Ä¶ https://t.co/hl6jj1Clg1,5,29
2021-08-25 14:29:05,#DJIA #SP500 #NASDAQ vs BTD ? historical performance numbers: https://t.co/UokBHsdq54 https://t.co/y1WHQSK9y8,0,0
2021-08-25 14:26:10,Compare with #djia #SP500 #NASDAQ recent results summary: https://t.co/UokBHsdq54 https://t.co/WityIEc2YM,0,0
2021-08-25 14:25:51,@JohnBechard. Big Wong says Sp500 will peak at 4633,0,0
2021-08-25 14:25:04,"@wfredo85 Canoo $GOEV Block of 23,527 shares at $7.80 worth $183,510

#Nasdaq #SP500",1,2
2021-08-25 14:24:03,Jackson Hole positioning By @Monica___K https://t.co/TSO9Lxge5r #SP500 #Inflation #Commodities #Bitcoin,0,1
2021-08-25 14:22:10,"@Stimpyz1 @DiMartinoBooth Unless Powell makes a very surprising announcement towards easing on Friday, stocks have‚Ä¶ https://t.co/KWg7XtYvQU",0,3
2021-08-25 14:16:29,#US30-DJ Critical support 35077/34990 bulls in play as long as this zone is not significant undercut. A break of 35‚Ä¶ https://t.co/PRyU3JkCMC,0,1
2021-08-25 14:14:00,"One of my favorite charts which show the components of #GDP.

https://t.co/jPKelLrjSj

#sp500 #spx #forex #DJIA‚Ä¶ https://t.co/bQcwh12ZSQ",0,0
2021-08-25 14:13:32,The #SP500 is consolidating https://t.co/2ZUMuV86k1,0,1
2021-08-25 14:12:45,"#Bitcoin , S&amp;P500 &amp; Gold performance since the Halving

üüß BTC +456%
üü¶ SP500 +53.6%
üü® GOLD +6.16% 

@ecoinometrics",0,0
2021-08-25 14:09:18,SP500 update 2021-08-25 09:08:36: 1 day(s) added with 505 line(s) retrieved and 1010 row(s) uploaded,0,0
2021-08-25 14:09:06,"#LEGO #LEGOArchitecture #Architecture set 21007 - Rockefeller Center, 2010 Release #LEGOBuildings #AFOL #LEGObricks‚Ä¶ https://t.co/ccyfkKkNia",0,0
2021-08-25 14:08:12,"GameStop $GME

Block of 22,516 shares at $200 worth $4,503,200

#Nasdaq #SP500",0,0
2021-08-25 14:06:41,SP500 update 2021-08-25 09:05:59: 8 day(s) uploaded with 3030 line(s) retrieved and 4040 row(s) uploaded,0,0
2021-08-25 14:06:00,"$IPGP. Buy Long at $171.02

$NASDAQ $NYSE $NYQ $NMS 

 #investsySignals #SP500  #NASDAQ100  #Signals #StocksToWatch‚Ä¶ https://t.co/Rynmz5eUEK",0,0
2021-08-25 14:05:24,"Macy's $M

Block of 41,257 shares at $23.14 worth $954,686

#Nasdaq #SP500",0,1
2021-08-25 14:04:31,"Our TechFund Watchlist for the week for Swing Trading ‚Äì Expert Stock Picks of the Week by StockXpo - $JHG, $ARCH,‚Ä¶ https://t.co/oMeDPcKazX",0,0
2021-08-25 14:04:28,"Currently have some open positions on #nasdaq, #gold,  #sp500, and the #dowjones. The #russell is killing it at the‚Ä¶ https://t.co/GyzMBxAG46",0,4
2021-08-25 14:02:25,"Big-cap #technology investors rejoice: The Nasdaq Composite topped 15,000 this week, largely riding giants in the S‚Ä¶ https://t.co/2WFAXsWPsP",1,1
2021-08-25 14:00:23,"Current S&amp;P 500 #SP500 Price: $4,488.93 üìà",0,0
2021-08-25 14:00:01,"#Bitcoin Performance since the Halving
Aug. 24, 2021

Since the halving:
üüß BTC +456%
üü¶ SP500 +53.6%
üü® GOLD +6.16% https://t.co/vZoTTOsrSg",8,51
2021-08-25 13:53:10,"#PrivateTrader The S&amp;P 500 E-mini futures continued their sideways course overnight, remaining below yesterdays hig‚Ä¶ https://t.co/M1doAe351E",0,0
2021-08-25 13:52:37,"We are short. Small for now.  Trgts TBA'd bottom of the hour. 

$ES_F #daytrading #futures #sp500‚Ä¶ https://t.co/U2b4umWMGw",0,5
2021-08-25 13:49:35,"Blackberry $BB

Block of 27,001 shares at $11.27 worth $304,301

#Nasdaq #SP500",0,0
2021-08-25 13:47:20,"Naked Brand $NAKD

Block of 716,980 shares at $0.66 worth $473,206

#Nasdaq #SP500",0,4
2021-08-25 13:46:57,"S&amp;P 500 E-mini #Futures #ES_U üîª 0.5 Points (0.01%) to 4,483.25 #SP500 $SPX $SPY #futurestrading #future #Investment‚Ä¶ https://t.co/BXPu4lfrXp",0,1
2021-08-25 13:45:52,"$AMC

Block of 37,120 shares at $44.40 worth $1,648,128

#Nasdaq #SP500",2,4
2021-08-25 13:45:15,Remember when trump STUPIDLY said that if he lost to Biden the stock market would crash?! What a CLOWN ü§° he is‚Ä¶ üòÇü§£üòÇ‚Ä¶ https://t.co/Hrqz903OLB,0,4
2021-08-25 13:45:05,S&amp;P 500 Index opens flat as investors await next catalyst By @eren_fxstreet https://t.co/meIrSTGyFc #Equities #DowJones #Nasdaq #SP500,0,0
2021-08-25 13:44:42,"Locust Walk $LWAC 

Block of 25,293 shares at $24.20 worth $612,090

#Nasdaq #SP500",0,0
2021-08-25 13:42:57,"Vinco Ventures $BBIG

Block of 81,030 shares at $3.30 worth $267,399

#Nasdaq #SP500",0,13
2021-08-25 13:41:26,"Dow Jones, Nasdaq, S&amp;P 500 are tentative with Jackson Hole approaching $SP500 https://t.co/oo3XzeyvEl",0,0
2021-08-25 13:38:21,nasdaq on fire but the ES doesnt see any buying whatsoever.. lets check out the globex low - #ofwd #orderflow‚Ä¶ https://t.co/mkfcNeQ9dW,0,1
2021-08-25 13:35:49,#PoT | #ARIMA| Check this out! We have just calculated today's ARIMA for the SP500 index @ https://t.co/5YtX8lorpH #7154,0,0
2021-08-25 13:32:34,@abpsinc @AdamMancini4 This spread narrows as we are approaching Sept 17th - expiration for the ES Sept futures. Th‚Ä¶ https://t.co/N6mHrhcEaZ,1,3
2021-08-25 13:31:08,"S&amp;P 500 E-mini #Futures #ES_F ‚¨ÜÔ∏è0.5 Points (0.01%) to 4,484.25 #SP500 $SPX $SPY #futurestrading #future #Investment‚Ä¶ https://t.co/OQRDtkIQFK",0,1
2021-08-25 13:26:01,This was fun.  #sp500 #quintiles #netincome #revenuegrowth https://t.co/rPC8AqX3ZY,0,1
2021-08-25 13:24:39,#ftx #oesym #nu $qumu $gme $bngo $cat $ern $crsr $vrx #blackwidow #band #1inch #rtx $ong $nwc #investing #loona‚Ä¶ https://t.co/IHu6UdDk0n,3,1
